﻿Designator,Quantity,Value,Footprint,Package,MPN,DNP,Mount_Type,Description,Sim.Device,Sim.Pins
"C1, C3, C5, C6, C7, C8, C9",7,100nF,R_0603_1608Metric_Pad0.98x0.95mm_HandSolder,,,,smt,Unpolarized capacitor,,
"C10, C2, C4",3,10µF,R_0603_1608Metric_Pad0.98x0.95mm_HandSolder,,,,smt,Unpolarized capacitor,,
"D1, D2, D3, D4, D7, D8",6,D,D_0603_1608Metric_Pad1.05x0.95mm_HandSolder,,,,smt,Diode,D,1=K 2=A
"J1, J2",2,100K Poti,PinHeader_1x03_P2.54mm_Vertical,,,,tht,"Generic connector, single row, 01x03, script generated (kicad-library-utils/schlib/autogen/connector/)",,
J3,1,Switch 1,PinHeader_1x02_P2.54mm_Vertical,,,,tht,"Generic connector, single row, 01x02, script generated (kicad-library-utils/schlib/autogen/connector/)",,
J4,1,Switch 2,PinHeader_1x02_P2.54mm_Vertical,,,,tht,"Generic connector, single row, 01x02, script generated (kicad-library-utils/schlib/autogen/connector/)",,
J5,1,USB_C_Receptacle_USB2.0_16P,USB_C_Receptacle_Palconn_UTC16-G,,,,smt,USB 2.0-only 16P Type-C Receptacle connector,,
J6,1,LED 1,Molex_PicoBlade_53047-0210_1x02_P1.25mm_Vertical,,,,tht,"Generic connector, single row, 01x02, script generated (kicad-library-utils/schlib/autogen/connector/)",,
J7,1,LED 2,Molex_PicoBlade_53047-0210_1x02_P1.25mm_Vertical,,,,tht,"Generic connector, single row, 01x02, script generated (kicad-library-utils/schlib/autogen/connector/)",,
"MOSFET1, MOSFET2",2,AON6512,DFN5X6_8L_EP1_P_AOS,,,,smt,,,
"R1, R2",2,1K,R_0603_1608Metric_Pad0.98x0.95mm_HandSolder,,,,smt,Resistor,,
"R3, R4",2,5k1,R_0603_1608Metric_Pad0.98x0.95mm_HandSolder,,,,smt,Resistor,,
"R5, R6, R7, R8",4,10K,R_0603_1608Metric_Pad0.98x0.95mm_HandSolder,,,,smt,Resistor,,
"U1, U2",2,LMC555xM,SOIC-8_3.9x4.9mm_P1.27mm,,,,smt,"CMOS Timer, 555 compatible, SOIC-8",,
U3,1,TC4427,SOIC8-N_MC_MCH,,,,smt,,,
