﻿pos_x,pos_y,rotation,side,designator,mpn,pack,footprint,value,mount_type
122.0,-65.78,-90.0,top,C1,,,R_0603_1608Metric_Pad0.98x0.95mm_HandSolder,100nF,smt
128.238,-52.964,90.0,top,C10,,,R_0603_1608Metric_Pad0.98x0.95mm_HandSolder,10µF,smt
123.5,-65.78,-90.0,top,C2,,,R_0603_1608Metric_Pad0.98x0.95mm_HandSolder,10µF,smt
136.074,-65.78,-90.0,top,C3,,,R_0603_1608Metric_Pad0.98x0.95mm_HandSolder,100nF,smt
134.574,-65.78,-90.0,top,C4,,,R_0603_1608Metric_Pad0.98x0.95mm_HandSolder,10µF,smt
126.05,-66.48,0.0,top,C5,,,R_0603_1608Metric_Pad0.98x0.95mm_HandSolder,100nF,smt
127.5268,-69.8296,90.0,top,C6,,,R_0603_1608Metric_Pad0.98x0.95mm_HandSolder,100nF,smt
132.024,-66.48,0.0,top,C7,,,R_0603_1608Metric_Pad0.98x0.95mm_HandSolder,100nF,smt
130.5008,-69.8296,90.0,top,C8,,,R_0603_1608Metric_Pad0.98x0.95mm_HandSolder,100nF,smt
129.762,-52.964,90.0,top,C9,,,R_0603_1608Metric_Pad0.98x0.95mm_HandSolder,100nF,smt
122.925,-61.88,0.0,top,D1,,,D_0603_1608Metric_Pad1.05x0.95mm_HandSolder,D,smt
135.043,-61.852,180.0,top,D2,,,D_0603_1608Metric_Pad1.05x0.95mm_HandSolder,D,smt
122.925,-63.38,180.0,top,D3,,,D_0603_1608Metric_Pad1.05x0.95mm_HandSolder,D,smt
135.043,-63.378,0.0,top,D4,,,D_0603_1608Metric_Pad1.05x0.95mm_HandSolder,D,smt
123.412,-49.422,-90.0,top,D7,,,D_0603_1608Metric_Pad1.05x0.95mm_HandSolder,D,smt
139.0,-49.535,-90.0,top,D8,,,D_0603_1608Metric_Pad1.05x0.95mm_HandSolder,D,smt
119.45,-61.85,0.0,top,J1,,,PinHeader_1x03_P2.54mm_Vertical,100K Poti,tht
138.624,-61.85,0.0,top,J2,,,PinHeader_1x03_P2.54mm_Vertical,100K Poti,tht
119.45,-73.055,180.0,top,J3,,,PinHeader_1x02_P2.54mm_Vertical,Switch 1,tht
138.624,-73.055,180.0,top,J4,,,PinHeader_1x02_P2.54mm_Vertical,Switch 2,tht
129.0,-79.38,0.0,top,J5,,,USB_C_Receptacle_Palconn_UTC16-G,USB_C_Receptacle_USB2.0_16P,smt
126.793,-46.86,-90.0,top,J6,,,Molex_PicoBlade_53047-0210_1x02_P1.25mm_Vertical,LED 1,tht
132.0,-46.88,-90.0,top,J7,,,Molex_PicoBlade_53047-0210_1x02_P1.25mm_Vertical,LED 2,tht
121.4816,-54.8436,-90.0,top,MOSFET1,,,DFN5X6_8L_EP1_P_AOS,AON6512,smt
136.5184,-54.8436,-90.0,top,MOSFET2,,,DFN5X6_8L_EP1_P_AOS,AON6512,smt
126.05,-64.98,0.0,top,R1,,,R_0603_1608Metric_Pad0.98x0.95mm_HandSolder,1K,smt
132.024,-64.98,0.0,top,R2,,,R_0603_1608Metric_Pad0.98x0.95mm_HandSolder,1K,smt
120.3875,-77.7,180.0,top,R3,,,R_0603_1608Metric_Pad0.98x0.95mm_HandSolder,5k1,smt
120.3875,-79.25,180.0,top,R4,,,R_0603_1608Metric_Pad0.98x0.95mm_HandSolder,5k1,smt
125.5456,-59.06,90.0,top,R5,,,R_0603_1608Metric_Pad0.98x0.95mm_HandSolder,10K,smt
132.4544,-59.06,90.0,top,R6,,,R_0603_1608Metric_Pad0.98x0.95mm_HandSolder,10K,smt
120.618,-50.424,180.0,top,R7,,,R_0603_1608Metric_Pad0.98x0.95mm_HandSolder,10K,smt
136.25,-50.38,180.0,top,R8,,,R_0603_1608Metric_Pad0.98x0.95mm_HandSolder,10K,smt
123.95,-71.13,90.0,top,U1,,,SOIC-8_3.9x4.9mm_P1.27mm,LMC555xM,smt
134.124,-71.13,90.0,top,U2,,,SOIC-8_3.9x4.9mm_P1.27mm,LMC555xM,smt
129.0,-59.568,90.0,top,U3,,,SOIC8-N_MC_MCH,TC4427,smt
